Product code,Station number,Year,Month,Monthly Precipitation Total (millimetres),Quality
IDCJAC0001,066037,1929,10,179.7,Y
IDCJAC0001,066037,1929,11,67.9,Y
IDCJAC0001,066037,1929,12,38.5,Y
IDCJAC0001,066037,1930,01,114.1,Y
IDCJAC0001,066037,1930,02,17.0,Y
IDCJAC0001,066037,1930,03,106.8,Y
IDCJAC0001,066037,1930,04,148.0,Y
IDCJAC0001,066037,1930,05,111.9,Y
IDCJAC0001,066037,1930,06,276.5,Y
IDCJAC0001,066037,1930,07,100.0,Y
IDCJAC0001,066037,1930,08,33.3,Y
IDCJAC0001,066037,1930,09,6.7,Y
IDCJAC0001,066037,1930,10,50.4,Y
IDCJAC0001,066037,1930,11,15.8,Y
IDCJAC0001,066037,1930,12,148.7,Y
IDCJAC0001,066037,1931,01,49.3,Y
IDCJAC0001,066037,1931,02,43.5,Y
IDCJAC0001,066037,1931,03,167.8,Y
IDCJAC0001,066037,1931,04,184.1,Y
IDCJAC0001,066037,1931,05,98.3,Y
IDCJAC0001,066037,1931,06,61.1,Y
IDCJAC0001,066037,1931,07,200.4,Y
IDCJAC0001,066037,1931,08,4.9,Y
IDCJAC0001,066037,1931,09,127.6,Y
IDCJAC0001,066037,1931,10,19.4,Y
IDCJAC0001,066037,1931,11,105.3,Y
IDCJAC0001,066037,1931,12,91.2,Y
IDCJAC0001,066037,1932,01,7.9,Y
IDCJAC0001,066037,1932,02,171.4,Y
IDCJAC0001,066037,1932,03,74.7,Y
IDCJAC0001,066037,1932,04,107.2,Y
IDCJAC0001,066037,1932,05,71.9,Y
IDCJAC0001,066037,1932,06,19.0,Y
IDCJAC0001,066037,1932,07,43.3,Y
IDCJAC0001,066037,1932,08,69.9,Y
IDCJAC0001,066037,1932,09,243.7,Y
IDCJAC0001,066037,1932,10,30.9,Y
IDCJAC0001,066037,1932,11,91.1,Y
IDCJAC0001,066037,1932,12,76.9,Y
IDCJAC0001,066037,1933,01,216.2,Y
IDCJAC0001,066037,1933,02,4.1,Y
IDCJAC0001,066037,1933,03,85.7,Y
IDCJAC0001,066037,1933,04,212.8,Y
IDCJAC0001,066037,1933,05,132.9,Y
IDCJAC0001,066037,1933,06,49.6,Y
IDCJAC0001,066037,1933,07,91.0,Y
IDCJAC0001,066037,1933,08,4.8,Y
IDCJAC0001,066037,1933,09,71.8,Y
IDCJAC0001,066037,1933,10,90.9,Y
IDCJAC0001,066037,1933,11,114.1,Y
IDCJAC0001,066037,1933,12,75.2,Y
IDCJAC0001,066037,1934,01,53.3,Y
IDCJAC0001,066037,1934,02,310.3,Y
IDCJAC0001,066037,1934,03,52.8,Y
IDCJAC0001,066037,1934,04,236.2,Y
IDCJAC0001,066037,1934,05,177.7,Y
IDCJAC0001,066037,1934,06,119.4,Y
IDCJAC0001,066037,1934,07,226.2,Y
IDCJAC0001,066037,1934,08,172.0,Y
IDCJAC0001,066037,1934,09,222.0,Y
IDCJAC0001,066037,1934,10,55.8,Y
IDCJAC0001,066037,1934,11,94.5,Y
IDCJAC0001,066037,1934,12,65.2,Y
IDCJAC0001,066037,1935,01,67.5,Y
IDCJAC0001,066037,1935,02,81.8,Y
IDCJAC0001,066037,1935,03,42.5,Y
IDCJAC0001,066037,1935,04,23.2,Y
IDCJAC0001,066037,1935,05,79.0,Y
IDCJAC0001,066037,1935,06,123.7,Y
IDCJAC0001,066037,1935,07,46.8,Y
IDCJAC0001,066037,1935,08,5.8,Y
IDCJAC0001,066037,1935,09,82.1,Y
IDCJAC0001,066037,1935,10,85.2,Y
IDCJAC0001,066037,1935,11,32.2,Y
IDCJAC0001,066037,1935,12,110.0,Y
IDCJAC0001,066037,1936,01,96.7,Y
IDCJAC0001,066037,1936,02,124.4,Y
IDCJAC0001,066037,1936,03,83.1,Y
IDCJAC0001,066037,1936,04,43.7,Y
IDCJAC0001,066037,1936,05,62.3,Y
IDCJAC0001,066037,1936,06,65.1,Y
IDCJAC0001,066037,1936,07,30.4,Y
IDCJAC0001,066037,1936,08,35.9,Y
IDCJAC0001,066037,1936,09,39.7,Y
IDCJAC0001,066037,1936,10,9.4,Y
IDCJAC0001,066037,1936,11,14.7,Y
IDCJAC0001,066037,1936,12,98.6,Y
IDCJAC0001,066037,1937,01,65.7,Y
IDCJAC0001,066037,1937,02,32.1,Y
IDCJAC0001,066037,1937,03,165.3,Y
IDCJAC0001,066037,1937,04,98.7,Y
IDCJAC0001,066037,1937,05,15.0,Y
IDCJAC0001,066037,1937,06,336.4,Y
IDCJAC0001,066037,1937,07,80.2,Y
IDCJAC0001,066037,1937,08,124.6,Y
IDCJAC0001,066037,1937,09,10.9,Y
IDCJAC0001,066037,1937,10,72.7,Y
IDCJAC0001,066037,1937,11,137.5,Y
IDCJAC0001,066037,1937,12,37.3,Y
IDCJAC0001,066037,1938,01,150.5,Y
IDCJAC0001,066037,1938,02,67.9,Y
IDCJAC0001,066037,1938,03,25.9,Y
IDCJAC0001,066037,1938,04,48.0,Y
IDCJAC0001,066037,1938,05,83.4,Y
IDCJAC0001,066037,1938,06,9.1,Y
IDCJAC0001,066037,1938,07,100.9,Y
IDCJAC0001,066037,1938,08,218.4,Y
IDCJAC0001,066037,1938,09,30.6,Y
IDCJAC0001,066037,1938,10,66.4,Y
IDCJAC0001,066037,1938,11,29.4,Y
IDCJAC0001,066037,1938,12,5.8,Y
IDCJAC0001,066037,1939,01,71.7,Y
IDCJAC0001,066037,1939,02,2.5,Y
IDCJAC0001,066037,1939,03,185.5,Y
IDCJAC0001,066037,1939,04,119.0,Y
IDCJAC0001,066037,1939,05,90.9,Y
IDCJAC0001,066037,1939,06,14.4,Y
IDCJAC0001,066037,1939,07,39.6,Y
IDCJAC0001,066037,1939,08,71.4,Y
IDCJAC0001,066037,1939,09,62.3,Y
IDCJAC0001,066037,1939,10,39.0,Y
IDCJAC0001,066037,1939,11,57.5,Y
IDCJAC0001,066037,1939,12,16.2,Y
IDCJAC0001,066037,1940,01,18.6,Y
IDCJAC0001,066037,1940,02,11.7,Y
IDCJAC0001,066037,1940,03,15.6,Y
IDCJAC0001,066037,1940,04,144.4,Y
IDCJAC0001,066037,1940,05,134.1,Y
IDCJAC0001,066037,1940,06,68.6,Y
IDCJAC0001,066037,1940,07,98.9,Y
IDCJAC0001,066037,1940,08,32.9,Y
IDCJAC0001,066037,1940,09,67.8,Y
IDCJAC0001,066037,1940,10,47.2,Y
IDCJAC0001,066037,1940,11,63.0,Y
IDCJAC0001,066037,1940,12,167.8,Y
IDCJAC0001,066037,1941,01,115.1,Y
IDCJAC0001,066037,1941,02,46.0,Y
IDCJAC0001,066037,1941,03,31.3,Y
IDCJAC0001,066037,1941,04,72.3,Y
IDCJAC0001,066037,1941,05,27.4,Y
IDCJAC0001,066037,1941,06,44.7,Y
IDCJAC0001,066037,1941,07,40.2,Y
IDCJAC0001,066037,1941,08,65.3,Y
IDCJAC0001,066037,1941,09,34.6,Y
IDCJAC0001,066037,1941,10,40.9,Y
IDCJAC0001,066037,1941,11,18.8,Y
IDCJAC0001,066037,1941,12,16.8,Y
IDCJAC0001,066037,1942,01,5.4,Y
IDCJAC0001,066037,1942,02,35.4,Y
IDCJAC0001,066037,1942,03,304.0,Y
IDCJAC0001,066037,1942,04,21.4,Y
IDCJAC0001,066037,1942,05,44.4,Y
IDCJAC0001,066037,1942,06,122.7,Y
IDCJAC0001,066037,1942,07,33.9,Y
IDCJAC0001,066037,1942,08,20.1,Y
IDCJAC0001,066037,1942,09,18.6,Y
IDCJAC0001,066037,1942,10,155.4,Y
IDCJAC0001,066037,1942,11,121.3,Y
IDCJAC0001,066037,1942,12,107.7,Y
IDCJAC0001,066037,1943,01,38.6,Y
IDCJAC0001,066037,1943,02,16.0,Y
IDCJAC0001,066037,1943,03,33.5,Y
IDCJAC0001,066037,1943,04,42.0,Y
IDCJAC0001,066037,1943,05,421.7,Y
IDCJAC0001,066037,1943,06,39.7,Y
IDCJAC0001,066037,1943,07,7.6,Y
IDCJAC0001,066037,1943,08,193.8,Y
IDCJAC0001,066037,1943,09,108.8,Y
IDCJAC0001,066037,1943,10,43.5,Y
IDCJAC0001,066037,1943,11,129.6,Y
IDCJAC0001,066037,1943,12,71.6,Y
IDCJAC0001,066037,1944,01,57.6,Y
IDCJAC0001,066037,1944,02,55.6,Y
IDCJAC0001,066037,1944,03,50.3,Y
IDCJAC0001,066037,1944,04,74.6,Y
IDCJAC0001,066037,1944,05,59.5,Y
IDCJAC0001,066037,1944,06,47.6,Y
IDCJAC0001,066037,1944,07,76.2,Y
IDCJAC0001,066037,1944,08,95.4,Y
IDCJAC0001,066037,1944,09,40.7,Y
IDCJAC0001,066037,1944,10,39.5,Y
IDCJAC0001,066037,1944,11,18.3,Y
IDCJAC0001,066037,1944,12,14.6,Y
IDCJAC0001,066037,1945,01,48.3,Y
IDCJAC0001,066037,1945,02,72.6,Y
IDCJAC0001,066037,1945,03,32.8,Y
IDCJAC0001,066037,1945,04,315.2,Y
IDCJAC0001,066037,1945,05,174.5,Y
IDCJAC0001,066037,1945,06,119.6,Y
IDCJAC0001,066037,1945,07,108.0,Y
IDCJAC0001,066037,1945,08,40.3,Y
IDCJAC0001,066037,1945,09,10.5,Y
IDCJAC0001,066037,1945,10,22.6,Y
IDCJAC0001,066037,1945,11,56.5,Y
IDCJAC0001,066037,1945,12,44.4,Y
IDCJAC0001,066037,1946,01,15.0,Y
IDCJAC0001,066037,1946,02,47.0,Y
IDCJAC0001,066037,1946,03,122.1,Y
IDCJAC0001,066037,1946,04,188.2,Y
IDCJAC0001,066037,1946,05,46.2,Y
IDCJAC0001,066037,1946,06,120.0,Y
IDCJAC0001,066037,1946,07,2.0,Y
IDCJAC0001,066037,1946,08,8.4,Y
IDCJAC0001,066037,1946,09,21.0,Y
IDCJAC0001,066037,1946,10,54.4,Y
IDCJAC0001,066037,1946,11,68.8,Y
IDCJAC0001,066037,1946,12,14.5,Y
IDCJAC0001,066037,1947,01,55.7,Y
IDCJAC0001,066037,1947,02,94.8,Y
IDCJAC0001,066037,1947,03,56.2,Y
IDCJAC0001,066037,1947,04,126.9,Y
IDCJAC0001,066037,1947,05,84.8,Y
IDCJAC0001,066037,1947,06,42.9,Y
IDCJAC0001,066037,1947,07,11.2,Y
IDCJAC0001,066037,1947,08,27.0,Y
IDCJAC0001,066037,1947,09,23.1,Y
IDCJAC0001,066037,1947,10,33.4,Y
IDCJAC0001,066037,1947,11,87.6,Y
IDCJAC0001,066037,1947,12,199.1,Y
IDCJAC0001,066037,1948,01,160.7,Y
IDCJAC0001,066037,1948,02,43.6,Y
IDCJAC0001,066037,1948,03,106.2,Y
IDCJAC0001,066037,1948,04,28.7,Y
IDCJAC0001,066037,1948,05,120.1,Y
IDCJAC0001,066037,1948,06,135.9,Y
IDCJAC0001,066037,1948,07,18.7,Y
IDCJAC0001,066037,1948,08,18.1,Y
IDCJAC0001,066037,1948,09,45.4,Y
IDCJAC0001,066037,1948,10,13.7,Y
IDCJAC0001,066037,1948,11,14.9,Y
IDCJAC0001,066037,1948,12,48.8,Y
IDCJAC0001,066037,1949,01,139.1,Y
IDCJAC0001,066037,1949,02,86.1,Y
IDCJAC0001,066037,1949,03,99.2,Y
IDCJAC0001,066037,1949,04,33.6,Y
IDCJAC0001,066037,1949,05,59.5,Y
IDCJAC0001,066037,1949,06,191.5,Y
IDCJAC0001,066037,1949,07,38.8,Y
IDCJAC0001,066037,1949,08,90.9,Y
IDCJAC0001,066037,1949,09,189.3,Y
IDCJAC0001,066037,1949,10,34.6,Y
IDCJAC0001,066037,1949,11,79.8,Y
IDCJAC0001,066037,1949,12,45.0,Y
IDCJAC0001,066037,1950,01,112.1,Y
IDCJAC0001,066037,1950,02,120.9,Y
IDCJAC0001,066037,1950,03,129.7,Y
IDCJAC0001,066037,1950,04,165.2,Y
IDCJAC0001,066037,1950,05,138.8,Y
IDCJAC0001,066037,1950,06,465.9,Y
IDCJAC0001,066037,1950,07,253.7,Y
IDCJAC0001,066037,1950,08,75.2,Y
IDCJAC0001,066037,1950,09,97.6,Y
IDCJAC0001,066037,1950,10,99.3,Y
IDCJAC0001,066037,1950,11,92.7,Y
IDCJAC0001,066037,1950,12,19.4,Y
IDCJAC0001,066037,1951,01,198.2,Y
IDCJAC0001,066037,1951,02,53.5,Y
IDCJAC0001,066037,1951,03,81.4,Y
IDCJAC0001,066037,1951,04,44.6,Y
IDCJAC0001,066037,1951,05,113.0,Y
IDCJAC0001,066037,1951,06,311.5,Y
IDCJAC0001,066037,1951,07,21.6,Y
IDCJAC0001,066037,1951,08,98.0,Y
IDCJAC0001,066037,1951,09,74.8,Y
IDCJAC0001,066037,1951,10,47.1,Y
IDCJAC0001,066037,1951,11,9.7,Y
IDCJAC0001,066037,1951,12,20.0,Y
IDCJAC0001,066037,1952,01,29.5,Y
IDCJAC0001,066037,1952,02,45.7,Y
IDCJAC0001,066037,1952,03,70.0,Y
IDCJAC0001,066037,1952,04,347.3,Y
IDCJAC0001,066037,1952,05,43.7,Y
IDCJAC0001,066037,1952,06,187.3,Y
IDCJAC0001,066037,1952,07,176.2,Y
IDCJAC0001,066037,1952,08,229.4,Y
IDCJAC0001,066037,1952,09,14.4,Y
IDCJAC0001,066037,1952,10,169.1,Y
IDCJAC0001,066037,1952,11,69.4,Y
IDCJAC0001,066037,1952,12,40.2,Y
IDCJAC0001,066037,1953,01,75.2,Y
IDCJAC0001,066037,1953,02,179.4,Y
IDCJAC0001,066037,1953,03,86.3,Y
IDCJAC0001,066037,1953,04,20.8,Y
IDCJAC0001,066037,1953,05,302.9,Y
IDCJAC0001,066037,1953,06,26.7,Y
IDCJAC0001,066037,1953,07,49.0,Y
IDCJAC0001,066037,1953,08,38.1,Y
IDCJAC0001,066037,1953,09,29.8,Y
IDCJAC0001,066037,1953,10,65.2,Y
IDCJAC0001,066037,1953,11,34.1,Y
IDCJAC0001,066037,1953,12,8.5,Y
IDCJAC0001,066037,1954,01,86.3,Y
IDCJAC0001,066037,1954,02,240.4,Y
IDCJAC0001,066037,1954,03,13.1,Y
IDCJAC0001,066037,1954,04,22.0,Y
IDCJAC0001,066037,1954,05,28.1,Y
IDCJAC0001,066037,1954,06,9.2,Y
IDCJAC0001,066037,1954,07,93.1,Y
IDCJAC0001,066037,1954,08,31.5,Y
IDCJAC0001,066037,1954,09,47.4,Y
IDCJAC0001,066037,1954,10,211.2,Y
IDCJAC0001,066037,1954,12,93.9,Y
IDCJAC0001,066037,1955,01,197.8,Y
IDCJAC0001,066037,1955,02,275.7,Y
IDCJAC0001,066037,1955,03,208.0,Y
IDCJAC0001,066037,1955,04,106.6,Y
IDCJAC0001,066037,1955,05,309.0,Y
IDCJAC0001,066037,1955,06,113.5,Y
IDCJAC0001,066037,1955,07,40.6,Y
IDCJAC0001,066037,1955,08,7.9,Y
IDCJAC0001,066037,1955,09,28.4,Y
IDCJAC0001,066037,1955,10,33.3,Y
IDCJAC0001,066037,1955,11,234.5,Y
IDCJAC0001,066037,1955,12,166.6,Y
IDCJAC0001,066037,1956,01,83.8,Y
IDCJAC0001,066037,1956,02,596.9,Y
IDCJAC0001,066037,1956,03,312.2,Y
IDCJAC0001,066037,1956,04,29.5,Y
IDCJAC0001,066037,1956,05,147.4,Y
IDCJAC0001,066037,1956,06,209.0,Y
IDCJAC0001,066037,1956,07,48.2,Y
IDCJAC0001,066037,1956,08,84.7,Y
IDCJAC0001,066037,1956,09,27.6,Y
IDCJAC0001,066037,1956,10,49.1,Y
IDCJAC0001,066037,1956,11,5.7,Y
IDCJAC0001,066037,1956,12,27.6,Y
IDCJAC0001,066037,1957,01,59.8,Y
IDCJAC0001,066037,1957,02,99.5,Y
IDCJAC0001,066037,1957,03,158.5,Y
IDCJAC0001,066037,1957,04,20.3,Y
IDCJAC0001,066037,1957,05,2.9,Y
IDCJAC0001,066037,1957,06,32.0,Y
IDCJAC0001,066037,1957,07,191.6,Y
IDCJAC0001,066037,1957,08,157.8,Y
IDCJAC0001,066037,1957,09,25.9,Y
IDCJAC0001,066037,1957,10,9.2,Y
IDCJAC0001,066037,1957,11,26.2,Y
IDCJAC0001,066037,1957,12,52.4,Y
IDCJAC0001,066037,1958,01,84.0,Y
IDCJAC0001,066037,1958,02,256.9,Y
IDCJAC0001,066037,1958,03,322.8,Y
IDCJAC0001,066037,1958,04,46.9,Y
IDCJAC0001,066037,1958,05,13.8,Y
IDCJAC0001,066037,1958,06,232.8,Y
IDCJAC0001,066037,1958,07,27.0,Y
IDCJAC0001,066037,1958,08,90.0,Y
IDCJAC0001,066037,1958,09,26.0,Y
IDCJAC0001,066037,1958,10,49.1,Y
IDCJAC0001,066037,1958,11,6.2,Y
IDCJAC0001,066037,1958,12,82.9,Y
IDCJAC0001,066037,1959,01,116.6,Y
IDCJAC0001,066037,1959,02,171.5,Y
IDCJAC0001,066037,1959,03,136.0,Y
IDCJAC0001,066037,1959,04,50.6,Y
IDCJAC0001,066037,1959,05,52.5,Y
IDCJAC0001,066037,1959,06,111.5,Y
IDCJAC0001,066037,1959,07,157.4,Y
IDCJAC0001,066037,1959,08,70.0,Y
IDCJAC0001,066037,1959,09,61.3,Y
IDCJAC0001,066037,1959,10,271.3,Y
IDCJAC0001,066037,1959,11,107.6,Y
IDCJAC0001,066037,1959,12,51.0,Y
IDCJAC0001,066037,1960,01,85.9,Y
IDCJAC0001,066037,1960,02,82.5,Y
IDCJAC0001,066037,1960,03,61.2,Y
IDCJAC0001,066037,1960,04,26.7,Y
IDCJAC0001,066037,1960,05,84.5,Y
IDCJAC0001,066037,1960,06,73.4,Y
IDCJAC0001,066037,1960,07,73.9,Y
IDCJAC0001,066037,1960,08,59.2,Y
IDCJAC0001,066037,1960,09,58.4,Y
IDCJAC0001,066037,1960,10,226.2,Y
IDCJAC0001,066037,1960,11,62.8,Y
IDCJAC0001,066037,1960,12,196.8,Y
IDCJAC0001,066037,1961,01,67.6,Y
IDCJAC0001,066037,1961,02,70.6,Y
IDCJAC0001,066037,1961,03,55.1,Y
IDCJAC0001,066037,1961,04,112.1,Y
IDCJAC0001,066037,1961,05,26.2,Y
IDCJAC0001,066037,1961,06,53.6,Y
IDCJAC0001,066037,1961,07,51.8,Y
IDCJAC0001,066037,1961,08,180.8,Y
IDCJAC0001,066037,1961,09,49.6,Y
IDCJAC0001,066037,1961,10,43.4,Y
IDCJAC0001,066037,1961,11,396.1,Y
IDCJAC0001,066037,1961,12,98.6,Y
IDCJAC0001,066037,1962,01,118.6,Y
IDCJAC0001,066037,1962,02,128.2,Y
IDCJAC0001,066037,1962,03,49.5,Y
IDCJAC0001,066037,1962,04,81.4,Y
IDCJAC0001,066037,1962,05,226.7,Y
IDCJAC0001,066037,1962,06,2.5,Y
IDCJAC0001,066037,1962,07,70.6,Y
IDCJAC0001,066037,1962,08,129.5,Y
IDCJAC0001,066037,1962,09,89.0,Y
IDCJAC0001,066037,1962,10,30.2,Y
IDCJAC0001,066037,1962,11,11.4,Y
IDCJAC0001,066037,1962,12,176.7,Y
IDCJAC0001,066037,1963,01,132.6,Y
IDCJAC0001,066037,1963,02,59.5,Y
IDCJAC0001,066037,1963,03,338.1,Y
IDCJAC0001,066037,1963,04,217.4,Y
IDCJAC0001,066037,1963,05,192.6,Y
IDCJAC0001,066037,1963,06,277.0,Y
IDCJAC0001,066037,1963,07,54.6,Y
IDCJAC0001,066037,1963,08,272.9,Y
IDCJAC0001,066037,1963,09,25.0,Y
IDCJAC0001,066037,1963,10,53.4,Y
IDCJAC0001,066037,1963,11,42.9,Y
IDCJAC0001,066037,1963,12,359.2,Y
IDCJAC0001,066037,1964,01,24.4,Y
IDCJAC0001,066037,1964,02,28.2,Y
IDCJAC0001,066037,1964,03,125.6,Y
IDCJAC0001,066037,1964,04,144.1,Y
IDCJAC0001,066037,1964,05,54.9,Y
IDCJAC0001,066037,1964,06,317.0,Y
IDCJAC0001,066037,1964,07,8.7,Y
IDCJAC0001,066037,1964,08,22.6,Y
IDCJAC0001,066037,1964,09,19.0,Y
IDCJAC0001,066037,1964,10,77.9,Y
IDCJAC0001,066037,1964,11,61.2,Y
IDCJAC0001,066037,1964,12,48.6,Y
IDCJAC0001,066037,1965,01,26.9,Y
IDCJAC0001,066037,1965,02,14.5,Y
IDCJAC0001,066037,1965,03,6.4,Y
IDCJAC0001,066037,1965,04,92.4,Y
IDCJAC0001,066037,1965,05,52.5,Y
IDCJAC0001,066037,1965,06,207.7,Y
IDCJAC0001,066037,1965,07,95.3,Y
IDCJAC0001,066037,1965,08,20.2,Y
IDCJAC0001,066037,1965,09,88.4,Y
IDCJAC0001,066037,1965,10,143.8,Y
IDCJAC0001,066037,1965,11,30.0,Y
IDCJAC0001,066037,1965,12,69.0,Y
IDCJAC0001,066037,1966,01,27.5,Y
IDCJAC0001,066037,1966,02,111.8,Y
IDCJAC0001,066037,1966,03,172.1,Y
IDCJAC0001,066037,1966,04,178.4,Y
IDCJAC0001,066037,1966,05,57.7,Y
IDCJAC0001,066037,1966,06,102.0,Y
IDCJAC0001,066037,1966,07,17.2,Y
IDCJAC0001,066037,1966,08,80.2,Y
IDCJAC0001,066037,1966,09,62.1,Y
IDCJAC0001,066037,1966,10,38.2,Y
IDCJAC0001,066037,1966,11,153.1,Y
IDCJAC0001,066037,1966,12,73.2,Y
IDCJAC0001,066037,1967,01,147.7,Y
IDCJAC0001,066037,1967,02,157.4,Y
IDCJAC0001,066037,1967,03,97.9,Y
IDCJAC0001,066037,1967,04,42.2,Y
IDCJAC0001,066037,1967,05,40.6,Y
IDCJAC0001,066037,1967,06,218.0,Y
IDCJAC0001,066037,1967,07,27.3,Y
IDCJAC0001,066037,1967,08,232.4,Y
IDCJAC0001,066037,1967,09,96.4,Y
IDCJAC0001,066037,1967,10,57.2,Y
IDCJAC0001,066037,1967,11,86.4,Y
IDCJAC0001,066037,1967,12,23.0,Y
IDCJAC0001,066037,1968,01,117.5,Y
IDCJAC0001,066037,1968,02,24.7,Y
IDCJAC0001,066037,1968,03,79.6,Y
IDCJAC0001,066037,1968,04,12.1,Y
IDCJAC0001,066037,1968,05,83.8,Y
IDCJAC0001,066037,1968,06,24.7,Y
IDCJAC0001,066037,1968,07,57.4,Y
IDCJAC0001,066037,1968,08,25.2,Y
IDCJAC0001,066037,1968,09,3.4,Y
IDCJAC0001,066037,1968,10,2.7,Y
IDCJAC0001,066037,1968,11,16.0,Y
IDCJAC0001,066037,1968,12,75.8,Y
IDCJAC0001,066037,1969,01,35.4,Y
IDCJAC0001,066037,1969,02,178.9,Y
IDCJAC0001,066037,1969,03,102.1,Y
IDCJAC0001,066037,1969,04,160.2,Y
IDCJAC0001,066037,1969,05,45.5,Y
IDCJAC0001,066037,1969,06,175.5,Y
IDCJAC0001,066037,1969,07,31.3,Y
IDCJAC0001,066037,1969,08,180.6,Y
IDCJAC0001,066037,1969,09,52.9,Y
IDCJAC0001,066037,1969,10,48.3,Y
IDCJAC0001,066037,1969,11,276.8,Y
IDCJAC0001,066037,1969,12,35.9,Y
IDCJAC0001,066037,1970,01,93.8,Y
IDCJAC0001,066037,1970,02,77.0,Y
IDCJAC0001,066037,1970,03,175.0,Y
IDCJAC0001,066037,1970,04,56.6,Y
IDCJAC0001,066037,1970,05,15.2,Y
IDCJAC0001,066037,1970,06,19.6,Y
IDCJAC0001,066037,1970,07,0.0,Y
IDCJAC0001,066037,1970,08,36.2,Y
IDCJAC0001,066037,1970,09,130.7,Y
IDCJAC0001,066037,1970,10,20.6,Y
IDCJAC0001,066037,1970,11,151.0,Y
IDCJAC0001,066037,1970,12,254.2,Y
IDCJAC0001,066037,1971,01,128.1,Y
IDCJAC0001,066037,1971,02,215.2,Y
IDCJAC0001,066037,1971,03,58.5,Y
IDCJAC0001,066037,1971,04,77.9,Y
IDCJAC0001,066037,1971,05,76.4,Y
IDCJAC0001,066037,1971,06,68.0,Y
IDCJAC0001,066037,1971,07,22.9,Y
IDCJAC0001,066037,1971,08,114.4,Y
IDCJAC0001,066037,1971,09,51.3,Y
IDCJAC0001,066037,1971,10,1.9,Y
IDCJAC0001,066037,1971,11,65.2,Y
IDCJAC0001,066037,1971,12,110.2,Y
IDCJAC0001,066037,1972,01,400.4,Y
IDCJAC0001,066037,1972,02,88.0,Y
IDCJAC0001,066037,1972,03,201.7,Y
IDCJAC0001,066037,1972,04,96.1,Y
IDCJAC0001,066037,1972,05,75.5,Y
IDCJAC0001,066037,1972,06,86.2,Y
IDCJAC0001,066037,1972,07,3.6,Y
IDCJAC0001,066037,1972,08,42.0,Y
IDCJAC0001,066037,1972,09,10.8,Y
IDCJAC0001,066037,1972,10,205.4,Y
IDCJAC0001,066037,1972,11,66.3,Y
IDCJAC0001,066037,1972,12,32.7,Y
IDCJAC0001,066037,1973,01,278.1,Y
IDCJAC0001,066037,1973,02,267.3,Y
IDCJAC0001,066037,1973,03,58.2,Y
IDCJAC0001,066037,1973,04,111.4,Y
IDCJAC0001,066037,1973,05,22.5,Y
IDCJAC0001,066037,1973,06,94.1,Y
IDCJAC0001,066037,1973,07,100.6,Y
IDCJAC0001,066037,1973,08,68.9,Y
IDCJAC0001,066037,1973,09,64.4,Y
IDCJAC0001,066037,1973,10,186.8,Y
IDCJAC0001,066037,1973,11,108.2,Y
IDCJAC0001,066037,1973,12,28.9,Y
IDCJAC0001,066037,1974,01,150.8,Y
IDCJAC0001,066037,1974,02,107.4,Y
IDCJAC0001,066037,1974,03,299.0,Y
IDCJAC0001,066037,1974,04,133.1,Y
IDCJAC0001,066037,1974,05,186.3,Y
IDCJAC0001,066037,1974,06,202.4,Y
IDCJAC0001,066037,1974,07,12.1,Y
IDCJAC0001,066037,1974,08,176.4,Y
IDCJAC0001,066037,1974,09,37.0,Y
IDCJAC0001,066037,1974,10,59.8,Y
IDCJAC0001,066037,1974,11,67.4,Y
IDCJAC0001,066037,1974,12,22.0,Y
IDCJAC0001,066037,1975,01,30.2,Y
IDCJAC0001,066037,1975,02,136.4,Y
IDCJAC0001,066037,1975,03,393.0,Y
IDCJAC0001,066037,1975,04,68.2,Y
IDCJAC0001,066037,1975,05,20.0,Y
IDCJAC0001,066037,1975,06,359.6,Y
IDCJAC0001,066037,1975,07,63.0,Y
IDCJAC0001,066037,1975,08,26.0,Y
IDCJAC0001,066037,1975,09,46.4,Y
IDCJAC0001,066037,1975,10,83.4,Y
IDCJAC0001,066037,1975,11,42.8,Y
IDCJAC0001,066037,1975,12,25.8,Y
IDCJAC0001,066037,1976,01,306.0,Y
IDCJAC0001,066037,1976,02,239.8,Y
IDCJAC0001,066037,1976,03,260.0,Y
IDCJAC0001,066037,1976,04,38.0,Y
IDCJAC0001,066037,1976,05,33.4,Y
IDCJAC0001,066037,1976,06,165.2,Y
IDCJAC0001,066037,1976,07,161.4,Y
IDCJAC0001,066037,1976,08,32.0,Y
IDCJAC0001,066037,1976,09,119.6,Y
IDCJAC0001,066037,1976,10,268.3,Y
IDCJAC0001,066037,1976,11,122.4,Y
IDCJAC0001,066037,1976,12,21.8,Y
IDCJAC0001,066037,1977,01,121.2,Y
IDCJAC0001,066037,1977,02,160.8,Y
IDCJAC0001,066037,1977,03,225.4,Y
IDCJAC0001,066037,1977,04,19.8,Y
IDCJAC0001,066037,1977,05,101.2,Y
IDCJAC0001,066037,1977,06,100.6,Y
IDCJAC0001,066037,1977,07,17.8,Y
IDCJAC0001,066037,1977,08,18.4,Y
IDCJAC0001,066037,1977,09,62.8,Y
IDCJAC0001,066037,1977,10,5.8,Y
IDCJAC0001,066037,1977,11,21.6,Y
IDCJAC0001,066037,1977,12,24.0,Y
IDCJAC0001,066037,1978,01,205.2,Y
IDCJAC0001,066037,1978,02,7.2,Y
IDCJAC0001,066037,1978,03,295.2,Y
IDCJAC0001,066037,1978,04,94.6,Y
IDCJAC0001,066037,1978,05,116.6,Y
IDCJAC0001,066037,1978,06,280.8,Y
IDCJAC0001,066037,1978,07,20.6,Y
IDCJAC0001,066037,1978,08,51.8,Y
IDCJAC0001,066037,1978,09,149.2,Y
IDCJAC0001,066037,1978,10,128.4,Y
IDCJAC0001,066037,1978,11,96.2,Y
IDCJAC0001,066037,1978,12,80.0,Y
IDCJAC0001,066037,1979,01,85.2,Y
IDCJAC0001,066037,1979,02,38.0,Y
IDCJAC0001,066037,1979,03,154.8,Y
IDCJAC0001,066037,1979,04,16.0,Y
IDCJAC0001,066037,1979,05,112.0,Y
IDCJAC0001,066037,1979,06,173.5,Y
IDCJAC0001,066037,1979,07,34.2,Y
IDCJAC0001,066037,1979,08,7.4,Y
IDCJAC0001,066037,1979,09,19.0,Y
IDCJAC0001,066037,1979,10,42.2,Y
IDCJAC0001,066037,1979,11,73.6,Y
IDCJAC0001,066037,1979,12,4.8,Y
IDCJAC0001,066037,1980,01,97.0,Y
IDCJAC0001,066037,1980,02,73.2,Y
IDCJAC0001,066037,1980,03,54.4,Y
IDCJAC0001,066037,1980,04,20.4,Y
IDCJAC0001,066037,1980,05,127.2,Y
IDCJAC0001,066037,1980,06,65.4,Y
IDCJAC0001,066037,1980,07,39.2,Y
IDCJAC0001,066037,1980,08,12.4,Y
IDCJAC0001,066037,1980,09,1.6,Y
IDCJAC0001,066037,1980,10,41.2,Y
IDCJAC0001,066037,1980,11,46.0,Y
IDCJAC0001,066037,1980,12,28.0,Y
IDCJAC0001,066037,1981,01,35.4,Y
IDCJAC0001,066037,1981,02,155.0,Y
IDCJAC0001,066037,1981,03,66.0,Y
IDCJAC0001,066037,1981,04,122.8,Y
IDCJAC0001,066037,1981,05,87.4,Y
IDCJAC0001,066037,1981,06,52.4,Y
IDCJAC0001,066037,1981,07,49.4,Y
IDCJAC0001,066037,1981,08,5.4,Y
IDCJAC0001,066037,1981,09,5.2,Y
IDCJAC0001,066037,1981,10,155.6,Y
IDCJAC0001,066037,1981,11,112.8,Y
IDCJAC0001,066037,1981,12,111.4,Y
IDCJAC0001,066037,1982,01,38.0,Y
IDCJAC0001,066037,1982,02,24.8,Y
IDCJAC0001,066037,1982,03,153.4,Y
IDCJAC0001,066037,1982,04,18.0,Y
IDCJAC0001,066037,1982,05,13.4,Y
IDCJAC0001,066037,1982,06,106.8,Y
IDCJAC0001,066037,1982,07,123.6,Y
IDCJAC0001,066037,1982,08,27.4,Y
IDCJAC0001,066037,1982,09,181.9,Y
IDCJAC0001,066037,1982,10,41.0,Y
IDCJAC0001,066037,1982,11,25.4,Y
IDCJAC0001,066037,1982,12,19.4,Y
IDCJAC0001,066037,1983,01,31.9,Y
IDCJAC0001,066037,1983,02,24.0,Y
IDCJAC0001,066037,1983,03,308.8,Y
IDCJAC0001,066037,1983,04,119.4,Y
IDCJAC0001,066037,1983,05,142.8,Y
IDCJAC0001,066037,1983,06,75.0,Y
IDCJAC0001,066037,1983,07,51.6,Y
IDCJAC0001,066037,1983,08,56.2,Y
IDCJAC0001,066037,1983,09,59.0,Y
IDCJAC0001,066037,1983,10,128.6,Y
IDCJAC0001,066037,1983,11,38.0,Y
IDCJAC0001,066037,1983,12,149.2,Y
IDCJAC0001,066037,1984,01,161.6,Y
IDCJAC0001,066037,1984,02,91.4,Y
IDCJAC0001,066037,1984,03,149.4,Y
IDCJAC0001,066037,1984,04,82.0,Y
IDCJAC0001,066037,1984,05,107.4,Y
IDCJAC0001,066037,1984,06,74.6,Y
IDCJAC0001,066037,1984,07,140.8,Y
IDCJAC0001,066037,1984,08,11.0,Y
IDCJAC0001,066037,1984,09,32.8,Y
IDCJAC0001,066037,1984,10,29.0,Y
IDCJAC0001,066037,1984,11,362.4,Y
IDCJAC0001,066037,1984,12,97.6,Y
IDCJAC0001,066037,1985,01,6.4,Y
IDCJAC0001,066037,1985,02,33.2,Y
IDCJAC0001,066037,1985,03,54.4,Y
IDCJAC0001,066037,1985,04,249.6,Y
IDCJAC0001,066037,1985,05,152.0,Y
IDCJAC0001,066037,1985,06,108.0,Y
IDCJAC0001,066037,1985,07,60.6,Y
IDCJAC0001,066037,1985,08,28.8,Y
IDCJAC0001,066037,1985,09,47.4,Y
IDCJAC0001,066037,1985,10,116.2,Y
IDCJAC0001,066037,1985,11,99.6,Y
IDCJAC0001,066037,1985,12,89.8,Y
IDCJAC0001,066037,1986,01,175.0,Y
IDCJAC0001,066037,1986,02,62.4,Y
IDCJAC0001,066037,1986,03,13.0,Y
IDCJAC0001,066037,1986,04,80.0,Y
IDCJAC0001,066037,1986,05,38.0,Y
IDCJAC0001,066037,1986,06,4.2,Y
IDCJAC0001,066037,1986,07,24.8,Y
IDCJAC0001,066037,1986,08,387.8,Y
IDCJAC0001,066037,1986,09,25.6,Y
IDCJAC0001,066037,1986,10,85.4,Y
IDCJAC0001,066037,1986,11,125.2,Y
IDCJAC0001,066037,1986,12,24.4,Y
IDCJAC0001,066037,1987,01,52.8,Y
IDCJAC0001,066037,1987,02,35.8,Y
IDCJAC0001,066037,1987,03,132.8,Y
IDCJAC0001,066037,1987,04,55.8,Y
IDCJAC0001,066037,1987,05,72.8,Y
IDCJAC0001,066037,1987,06,83.6,Y
IDCJAC0001,066037,1987,07,105.2,Y
IDCJAC0001,066037,1987,08,164.8,Y
IDCJAC0001,066037,1987,09,9.8,Y
IDCJAC0001,066037,1987,10,200.8,Y
IDCJAC0001,066037,1987,11,128.6,Y
IDCJAC0001,066037,1987,12,75.8,Y
IDCJAC0001,066037,1988,01,183.2,Y
IDCJAC0001,066037,1988,02,121.4,Y
IDCJAC0001,066037,1988,03,94.8,Y
IDCJAC0001,066037,1988,04,476.2,Y
IDCJAC0001,066037,1988,05,84.6,Y
IDCJAC0001,066037,1988,06,100.4,Y
IDCJAC0001,066037,1988,07,114.4,Y
IDCJAC0001,066037,1988,08,63.2,Y
IDCJAC0001,066037,1988,09,107.0,Y
IDCJAC0001,066037,1988,10,0.0,Y
IDCJAC0001,066037,1988,11,148.2,Y
IDCJAC0001,066037,1988,12,130.2,Y
IDCJAC0001,066037,1989,01,132.4,Y
IDCJAC0001,066037,1989,02,62.6,Y
IDCJAC0001,066037,1989,03,134.6,Y
IDCJAC0001,066037,1989,04,326.0,Y
IDCJAC0001,066037,1989,05,139.8,Y
IDCJAC0001,066037,1989,06,212.8,Y
IDCJAC0001,066037,1989,07,14.4,Y
IDCJAC0001,066037,1989,08,41.2,Y
IDCJAC0001,066037,1989,09,1.6,Y
IDCJAC0001,066037,1989,10,15.4,Y
IDCJAC0001,066037,1989,11,42.6,Y
IDCJAC0001,066037,1989,12,104.6,Y
IDCJAC0001,066037,1990,01,56.6,Y
IDCJAC0001,066037,1990,02,581.0,Y
IDCJAC0001,066037,1990,03,126.2,Y
IDCJAC0001,066037,1990,04,311.6,Y
IDCJAC0001,066037,1990,05,134.8,Y
IDCJAC0001,066037,1990,06,36.6,Y
IDCJAC0001,066037,1990,07,57.4,Y
IDCJAC0001,066037,1990,08,183.4,Y
IDCJAC0001,066037,1990,09,143.8,Y
IDCJAC0001,066037,1990,10,46.4,Y
IDCJAC0001,066037,1990,11,14.2,Y
IDCJAC0001,066037,1990,12,27.2,Y
IDCJAC0001,066037,1991,01,41.0,Y
IDCJAC0001,066037,1991,02,41.8,Y
IDCJAC0001,066037,1991,03,24.6,Y
IDCJAC0001,066037,1991,04,26.0,Y
IDCJAC0001,066037,1991,05,92.6,Y
IDCJAC0001,066037,1991,06,372.2,Y
IDCJAC0001,066037,1991,07,107.0,Y
IDCJAC0001,066037,1991,08,4.6,Y
IDCJAC0001,066037,1991,09,19.6,Y
IDCJAC0001,066037,1991,10,8.0,Y
IDCJAC0001,066037,1991,11,33.0,Y
IDCJAC0001,066037,1991,12,191.0,Y
IDCJAC0001,066037,1992,01,56.0,Y
IDCJAC0001,066037,1992,02,314.4,Y
IDCJAC0001,066037,1992,03,60.6,Y
IDCJAC0001,066037,1992,04,65.0,Y
IDCJAC0001,066037,1992,05,48.2,Y
IDCJAC0001,066037,1992,06,124.0,Y
IDCJAC0001,066037,1992,07,13.6,Y
IDCJAC0001,066037,1992,08,44.6,Y
IDCJAC0001,066037,1992,09,20.4,Y
IDCJAC0001,066037,1992,10,56.0,Y
IDCJAC0001,066037,1992,11,122.4,Y
IDCJAC0001,066037,1992,12,156.8,Y
IDCJAC0001,066037,1993,01,64.2,Y
IDCJAC0001,066037,1993,02,124.2,Y
IDCJAC0001,066037,1993,03,70.8,Y
IDCJAC0001,066037,1993,04,51.0,Y
IDCJAC0001,066037,1993,05,29.2,Y
IDCJAC0001,066037,1993,06,41.0,Y
IDCJAC0001,066037,1993,07,72.0,Y
IDCJAC0001,066037,1993,08,33.6,Y
IDCJAC0001,066037,1993,09,129.6,Y
IDCJAC0001,066037,1993,10,46.8,Y
IDCJAC0001,066037,1993,11,62.2,Y
IDCJAC0001,066037,1993,12,32.2,Y
IDCJAC0001,066037,1994,01,28.4,Y
IDCJAC0001,066037,1994,02,66.6,Y
IDCJAC0001,066037,1994,03,167.0,Y
IDCJAC0001,066037,1994,04,138.4,Y
IDCJAC0001,066037,1994,05,44.6,Y
IDCJAC0001,066037,1994,06,56.8,Y
IDCJAC0001,066037,1994,07,47.2,N
IDCJAC0001,066037,1994,08,43.0,Y
IDCJAC0001,066037,1994,09,25.4,Y
IDCJAC0001,066037,1994,10,32.2,Y
IDCJAC0001,066037,1994,11,57.8,Y
IDCJAC0001,066037,1994,12,38.2,Y
IDCJAC0001,066037,1995,01,84.6,Y
IDCJAC0001,066037,1995,02,43.8,Y
IDCJAC0001,066037,1995,03,175.6,Y
IDCJAC0001,066037,1995,04,32.4,Y
IDCJAC0001,066037,1995,05,161.6,Y
IDCJAC0001,066037,1995,06,111.4,Y
IDCJAC0001,066037,1995,07,5.8,Y
IDCJAC0001,066037,1995,08,0.2,Y
IDCJAC0001,066037,1995,09,249.4,Y
IDCJAC0001,066037,1995,10,29.8,Y
IDCJAC0001,066037,1995,11,108.8,Y
IDCJAC0001,066037,1995,12,70.8,Y
IDCJAC0001,066037,1996,01,165.8,Y
IDCJAC0001,066037,1996,02,60.8,Y
IDCJAC0001,066037,1996,03,36.8,Y
IDCJAC0001,066037,1996,04,42.0,Y
IDCJAC0001,066037,1996,05,151.0,Y
IDCJAC0001,066037,1996,06,124.8,Y
IDCJAC0001,066037,1996,07,80.8,Y
IDCJAC0001,066037,1996,08,117.4,Y
IDCJAC0001,066037,1996,09,89.6,Y
IDCJAC0001,066037,1996,10,19.6,Y
IDCJAC0001,066037,1996,11,68.8,Y
IDCJAC0001,066037,1996,12,55.6,Y
IDCJAC0001,066037,1997,01,176.0,Y
IDCJAC0001,066037,1997,02,130.4,Y
IDCJAC0001,066037,1997,03,42.2,Y
IDCJAC0001,066037,1997,04,7.8,Y
IDCJAC0001,066037,1997,05,166.2,Y
IDCJAC0001,066037,1997,06,78.0,Y
IDCJAC0001,066037,1997,07,152.8,Y
IDCJAC0001,066037,1997,08,16.8,Y
IDCJAC0001,066037,1997,09,93.6,Y
IDCJAC0001,066037,1997,10,47.4,Y
IDCJAC0001,066037,1997,11,42.0,Y
IDCJAC0001,066037,1997,12,16.8,Y
IDCJAC0001,066037,1998,01,71.2,Y
IDCJAC0001,066037,1998,02,38.4,Y
IDCJAC0001,066037,1998,03,31.0,Y
IDCJAC0001,066037,1998,04,214.0,Y
IDCJAC0001,066037,1998,05,227.2,Y
IDCJAC0001,066037,1998,06,91.6,Y
IDCJAC0001,066037,1998,07,88.6,Y
IDCJAC0001,066037,1998,08,396.6,Y
IDCJAC0001,066037,1998,09,50.0,Y
IDCJAC0001,066037,1998,10,33.2,Y
IDCJAC0001,066037,1998,11,69.8,Y
IDCJAC0001,066037,1998,12,35.0,Y
IDCJAC0001,066037,1999,01,223.4,Y
IDCJAC0001,066037,1999,02,160.6,Y
IDCJAC0001,066037,1999,03,41.0,Y
IDCJAC0001,066037,1999,04,204.4,Y
IDCJAC0001,066037,1999,05,56.0,Y
IDCJAC0001,066037,1999,06,71.2,Y
IDCJAC0001,066037,1999,07,170.2,Y
IDCJAC0001,066037,1999,08,83.0,Y
IDCJAC0001,066037,1999,09,20.8,Y
IDCJAC0001,066037,1999,10,131.8,Y
IDCJAC0001,066037,1999,11,39.2,Y
IDCJAC0001,066037,1999,12,80.0,Y
IDCJAC0001,066037,2000,01,30.8,Y
IDCJAC0001,066037,2000,02,14.8,Y
IDCJAC0001,066037,2000,03,202.4,Y
IDCJAC0001,066037,2000,04,33.6,Y
IDCJAC0001,066037,2000,05,27.6,Y
IDCJAC0001,066037,2000,06,33.0,Y
IDCJAC0001,066037,2000,07,23.2,Y
IDCJAC0001,066037,2000,08,20.0,Y
IDCJAC0001,066037,2000,09,28.0,Y
IDCJAC0001,066037,2000,10,70.8,Y
IDCJAC0001,066037,2000,11,132.6,Y
IDCJAC0001,066037,2000,12,39.6,Y
IDCJAC0001,066037,2001,01,156.0,Y
IDCJAC0001,066037,2001,02,116.2,Y
IDCJAC0001,066037,2001,03,54.6,Y
IDCJAC0001,066037,2001,04,85.8,Y
IDCJAC0001,066037,2001,05,332.0,Y
IDCJAC0001,066037,2001,06,41.2,Y
IDCJAC0001,066037,2001,07,109.8,Y
IDCJAC0001,066037,2001,08,55.8,Y
IDCJAC0001,066037,2001,09,34.8,Y
IDCJAC0001,066037,2001,10,31.8,Y
IDCJAC0001,066037,2001,11,69.2,Y
IDCJAC0001,066037,2001,12,27.4,Y
IDCJAC0001,066037,2002,01,68.0,Y
IDCJAC0001,066037,2002,02,329.2,Y
IDCJAC0001,066037,2002,03,56.0,Y
IDCJAC0001,066037,2002,04,26.8,Y
IDCJAC0001,066037,2002,05,73.6,Y
IDCJAC0001,066037,2002,06,24.4,Y
IDCJAC0001,066037,2002,07,11.6,Y
IDCJAC0001,066037,2002,08,21.6,Y
IDCJAC0001,066037,2002,09,15.0,Y
IDCJAC0001,066037,2002,10,9.2,Y
IDCJAC0001,066037,2002,11,21.0,Y
IDCJAC0001,066037,2002,12,87.0,Y
IDCJAC0001,066037,2003,01,12.4,Y
IDCJAC0001,066037,2003,02,57.0,Y
IDCJAC0001,066037,2003,03,74.6,Y
IDCJAC0001,066037,2003,04,244.8,Y
IDCJAC0001,066037,2003,05,388.4,Y
IDCJAC0001,066037,2003,06,42.6,Y
IDCJAC0001,066037,2003,07,47.6,Y
IDCJAC0001,066037,2003,08,43.2,Y
IDCJAC0001,066037,2003,09,9.2,Y
IDCJAC0001,066037,2003,10,61.2,Y
IDCJAC0001,066037,2003,11,89.4,Y
IDCJAC0001,066037,2003,12,50.0,Y
IDCJAC0001,066037,2004,01,51.4,Y
IDCJAC0001,066037,2004,02,112.0,Y
IDCJAC0001,066037,2004,03,68.0,Y
IDCJAC0001,066037,2004,04,44.6,Y
IDCJAC0001,066037,2004,05,11.8,Y
IDCJAC0001,066037,2004,06,43.8,Y
IDCJAC0001,066037,2004,07,34.8,Y
IDCJAC0001,066037,2004,08,102.8,Y
IDCJAC0001,066037,2004,09,83.8,Y
IDCJAC0001,066037,2004,10,174.6,Y
IDCJAC0001,066037,2004,11,54.4,Y
IDCJAC0001,066037,2004,12,94.0,Y
IDCJAC0001,066037,2005,01,54.0,Y
IDCJAC0001,066037,2005,02,106.8,Y
IDCJAC0001,066037,2005,03,80.2,Y
IDCJAC0001,066037,2005,04,25.8,Y
IDCJAC0001,066037,2005,05,52.6,Y
IDCJAC0001,066037,2005,06,67.8,Y
IDCJAC0001,066037,2005,07,74.2,Y
IDCJAC0001,066037,2005,08,1.4,Y
IDCJAC0001,066037,2005,09,48.0,Y
IDCJAC0001,066037,2005,10,45.6,Y
IDCJAC0001,066037,2005,11,99.4,Y
IDCJAC0001,066037,2005,12,22.4,Y
IDCJAC0001,066037,2006,01,73.6,Y
IDCJAC0001,066037,2006,02,29.4,Y
IDCJAC0001,066037,2006,03,34.8,Y
IDCJAC0001,066037,2006,04,11.4,Y
IDCJAC0001,066037,2006,05,27.6,Y
IDCJAC0001,066037,2006,06,207.2,Y
IDCJAC0001,066037,2006,07,135.0,Y
IDCJAC0001,066037,2006,08,87.8,Y
IDCJAC0001,066037,2006,09,144.2,Y
IDCJAC0001,066037,2006,10,15.6,Y
IDCJAC0001,066037,2006,11,28.4,Y
IDCJAC0001,066037,2006,12,72.0,Y
IDCJAC0001,066037,2007,01,47.0,Y
IDCJAC0001,066037,2007,02,105.4,Y
IDCJAC0001,066037,2007,03,70.2,Y
IDCJAC0001,066037,2007,04,101.6,Y
IDCJAC0001,066037,2007,05,10.8,Y
IDCJAC0001,066037,2007,06,319.4,Y
IDCJAC0001,066037,2007,07,36.8,Y
IDCJAC0001,066037,2007,08,86.6,Y
IDCJAC0001,066037,2007,09,43.0,Y
IDCJAC0001,066037,2007,10,13.6,Y
IDCJAC0001,066037,2007,11,120.6,Y
IDCJAC0001,066037,2007,12,77.4,Y
IDCJAC0001,066037,2008,01,68.6,Y
IDCJAC0001,066037,2008,02,256.2,Y
IDCJAC0001,066037,2008,03,35.0,Y
IDCJAC0001,066037,2008,04,149.8,Y
IDCJAC0001,066037,2008,05,3.4,Y
IDCJAC0001,066037,2008,06,114.0,Y
IDCJAC0001,066037,2008,07,83.2,Y
IDCJAC0001,066037,2008,08,50.4,Y
IDCJAC0001,066037,2008,09,76.0,Y
IDCJAC0001,066037,2008,10,50.6,Y
IDCJAC0001,066037,2008,11,53.6,Y
IDCJAC0001,066037,2008,12,68.0,Y
IDCJAC0001,066037,2009,01,19.0,Y
IDCJAC0001,066037,2009,02,104.8,Y
IDCJAC0001,066037,2009,03,52.0,Y
IDCJAC0001,066037,2009,04,183.2,Y
IDCJAC0001,066037,2009,05,133.0,Y
IDCJAC0001,066037,2009,06,79.2,Y
IDCJAC0001,066037,2009,07,57.4,Y
IDCJAC0001,066037,2009,08,6.4,Y
IDCJAC0001,066037,2009,09,22.6,Y
IDCJAC0001,066037,2009,10,134.2,Y
IDCJAC0001,066037,2009,11,25.4,Y
IDCJAC0001,066037,2009,12,59.8,Y
IDCJAC0001,066037,2010,01,26.4,Y
IDCJAC0001,066037,2010,02,156.8,Y
IDCJAC0001,066037,2010,03,42.4,Y
IDCJAC0001,066037,2010,04,37.2,Y
IDCJAC0001,066037,2010,05,183.2,Y
IDCJAC0001,066037,2010,06,104.2,Y
IDCJAC0001,066037,2010,07,79.8,Y
IDCJAC0001,066037,2010,08,25.8,Y
IDCJAC0001,066037,2010,09,35.4,Y
IDCJAC0001,066037,2010,10,86.8,Y
IDCJAC0001,066037,2010,11,156.6,Y
IDCJAC0001,066037,2010,12,105.6,Y
IDCJAC0001,066037,2011,01,38.2,Y
IDCJAC0001,066037,2011,02,14.4,Y
IDCJAC0001,066037,2011,03,183.4,Y
IDCJAC0001,066037,2011,04,211.0,Y
IDCJAC0001,066037,2011,05,97.2,Y
IDCJAC0001,066037,2011,06,48.0,Y
IDCJAC0001,066037,2011,07,250.4,Y
IDCJAC0001,066037,2011,08,40.8,Y
IDCJAC0001,066037,2011,09,55.2,Y
IDCJAC0001,066037,2011,10,47.6,Y
IDCJAC0001,066037,2011,11,151.8,Y
IDCJAC0001,066037,2011,12,113.4,Y
IDCJAC0001,066037,2012,01,110.6,Y
IDCJAC0001,066037,2012,02,138.0,Y
IDCJAC0001,066037,2012,03,199.4,Y
IDCJAC0001,066037,2012,04,121.0,Y
IDCJAC0001,066037,2012,05,29.2,Y
IDCJAC0001,066037,2012,06,198.2,Y
IDCJAC0001,066037,2012,07,53.4,Y
IDCJAC0001,066037,2012,08,12.6,Y
IDCJAC0001,066037,2012,09,20.0,Y
IDCJAC0001,066037,2012,10,23.4,Y
IDCJAC0001,066037,2012,11,41.0,Y
IDCJAC0001,066037,2012,12,26.6,Y
IDCJAC0001,066037,2013,01,147.0,Y
IDCJAC0001,066037,2013,02,141.2,Y
IDCJAC0001,066037,2013,03,57.4,Y
IDCJAC0001,066037,2013,04,161.0,Y
IDCJAC0001,066037,2013,05,62.2,Y
IDCJAC0001,066037,2013,06,336.6,N
IDCJAC0001,066037,2013,07,32.4,Y
IDCJAC0001,066037,2013,08,15.6,Y
IDCJAC0001,066037,2013,09,69.8,Y
IDCJAC0001,066037,2013,10,16.4,Y
IDCJAC0001,066037,2013,11,181.2,Y
IDCJAC0001,066037,2013,12,57.8,Y
IDCJAC0001,066037,2014,01,11.8,Y
IDCJAC0001,066037,2014,02,58.0,Y
IDCJAC0001,066037,2014,03,153.4,Y
IDCJAC0001,066037,2014,04,72.6,Y
IDCJAC0001,066037,2014,05,19.6,Y
IDCJAC0001,066037,2014,06,110.4,Y
IDCJAC0001,066037,2014,07,12.0,Y
IDCJAC0001,066037,2014,08,256.4,Y
IDCJAC0001,066037,2014,09,41.8,Y
IDCJAC0001,066037,2014,10,124.2,Y
IDCJAC0001,066037,2014,11,13.6,Y
IDCJAC0001,066037,2014,12,119.2,Y
IDCJAC0001,066037,2015,01,120.0,Y
IDCJAC0001,066037,2015,02,48.0,Y
IDCJAC0001,066037,2015,03,52.8,Y
IDCJAC0001,066037,2015,04,343.6,Y
IDCJAC0001,066037,2015,05,89.8,Y
IDCJAC0001,066037,2015,06,94.8,Y
IDCJAC0001,066037,2015,07,48.4,Y
IDCJAC0001,066037,2015,08,60.0,Y
IDCJAC0001,066037,2015,09,67.2,Y
IDCJAC0001,066037,2015,10,29.4,Y
IDCJAC0001,066037,2015,12,67.2,Y
IDCJAC0001,066037,2016,01,262.8,Y
IDCJAC0001,066037,2016,02,40.4,Y
IDCJAC0001,066037,2016,03,155.8,Y
IDCJAC0001,066037,2016,04,81.0,Y
IDCJAC0001,066037,2016,05,13.4,Y
IDCJAC0001,066037,2016,06,283.0,N
IDCJAC0001,066037,2016,07,114.2,Y
IDCJAC0001,066037,2016,08,131.4,Y
IDCJAC0001,066037,2016,09,67.8,Y
IDCJAC0001,066037,2016,10,34.2,Y
IDCJAC0001,066037,2016,11,26.8,Y
IDCJAC0001,066037,2016,12,58.4,Y
IDCJAC0001,066037,2017,01,48.4,Y
IDCJAC0001,066037,2017,02,158.0,Y
IDCJAC0001,066037,2017,03,229.2,Y
IDCJAC0001,066037,2017,04,94.4,Y
IDCJAC0001,066037,2017,05,32.4,Y
IDCJAC0001,066037,2017,06,113.6,Y
IDCJAC0001,066037,2017,07,18.0,Y
IDCJAC0001,066037,2017,08,27.2,Y
IDCJAC0001,066037,2017,09,0.2,Y
IDCJAC0001,066037,2017,10,59.6,Y
IDCJAC0001,066037,2017,11,38.4,Y
IDCJAC0001,066037,2017,12,52.0,Y
IDCJAC0001,066037,2018,01,28.8,Y
IDCJAC0001,066037,2018,02,92.2,Y
IDCJAC0001,066037,2018,03,108.8,Y
IDCJAC0001,066037,2018,04,23.4,Y
IDCJAC0001,066037,2018,05,17.8,Y
IDCJAC0001,066037,2018,06,162.8,Y
IDCJAC0001,066037,2018,07,16.0,Y
IDCJAC0001,066037,2018,08,5.2,Y
IDCJAC0001,066037,2018,09,67.6,Y
IDCJAC0001,066037,2018,10,146.0,Y
IDCJAC0001,066037,2018,11,92.6,Y
IDCJAC0001,066037,2018,12,70.2,Y
IDCJAC0001,066037,2019,01,73.2,Y
IDCJAC0001,066037,2019,02,76.8,Y
IDCJAC0001,066037,2019,03,198.0,Y
IDCJAC0001,066037,2019,04,15.0,Y
IDCJAC0001,066037,2019,05,7.6,Y
IDCJAC0001,066037,2019,06,154.8,Y
IDCJAC0001,066037,2019,07,39.2,Y
IDCJAC0001,066037,2019,08,45.8,Y
IDCJAC0001,066037,2019,09,83.8,Y
IDCJAC0001,066037,2019,10,30.0,Y
IDCJAC0001,066037,2019,11,24.4,Y
IDCJAC0001,066037,2019,12,0.8,Y
IDCJAC0001,066037,2020,01,63.4,Y
IDCJAC0001,066037,2020,02,395.2,N
IDCJAC0001,066037,2020,03,137.4,Y
IDCJAC0001,066037,2020,04,32.4,N
IDCJAC0001,066037,2020,05,111.2,N
IDCJAC0001,066037,2020,06,80.2,N
IDCJAC0001,066037,2020,07,127.4,Y
IDCJAC0001,066037,2020,08,65.4,Y
IDCJAC0001,066037,2020,09,31.0,Y
IDCJAC0001,066037,2020,10,65.2,N
IDCJAC0001,066037,2020,11,41.8,N
IDCJAC0001,066037,2020,12,74.8,N
IDCJAC0001,066037,2021,01,61.3,N
IDCJAC0001,066037,2021,02,120.4,N
IDCJAC0001,066037,2021,03,353.2,N
IDCJAC0001,066037,2021,04,16.7,Y
IDCJAC0001,066037,2021,05,89.4,N
IDCJAC0001,066037,2021,06,98.2,N
IDCJAC0001,066037,2021,07,34.6,Y
IDCJAC0001,066037,2021,08,88.6,N
IDCJAC0001,066037,2021,09,46.8,Y
IDCJAC0001,066037,2021,10,68.0,N
IDCJAC0001,066037,2021,11,138.2,N
IDCJAC0001,066037,2021,12,83.0,N
IDCJAC0001,066037,2022,01,110.2,N
IDCJAC0001,066037,2022,02,383.8,N
IDCJAC0001,066037,2022,03,489.4,N
IDCJAC0001,066037,2022,04,254.4,N
IDCJAC0001,066037,2022,05,199.6,N
IDCJAC0001,066037,2022,06,9.6,Y
IDCJAC0001,066037,2022,07,344.2,N
IDCJAC0001,066037,2022,08,57.8,Y
IDCJAC0001,066037,2022,09,79.6,Y
IDCJAC0001,066037,2022,10,259.4,N
IDCJAC0001,066037,2022,11,41.4,Y
IDCJAC0001,066037,2022,12,46.6,Y
IDCJAC0001,066037,2023,01,133.2,Y
IDCJAC0001,066037,2023,02,192.0,Y
IDCJAC0001,066037,2023,03,33.2,Y
IDCJAC0001,066037,2023,04,119.8,Y
IDCJAC0001,066037,2023,05,55.8,Y
IDCJAC0001,066037,2023,06,14.2,Y
IDCJAC0001,066037,2023,07,59.0,Y
IDCJAC0001,066037,2023,08,58.2,Y
IDCJAC0001,066037,2023,09,28.0,Y
IDCJAC0001,066037,2023,10,31.2,Y
IDCJAC0001,066037,2023,11,131.2,Y
IDCJAC0001,066037,2023,12,145.0,Y
IDCJAC0001,066037,2024,01,65.8,Y
IDCJAC0001,066037,2024,02,147.0,Y
IDCJAC0001,066037,2024,03,49.2,Y
IDCJAC0001,066037,2024,04,186.2,Y
IDCJAC0001,066037,2024,05,221.6,Y
IDCJAC0001,066037,2024,06,311.4,Y
IDCJAC0001,066037,2024,07,84.6,N
IDCJAC0001,066037,2024,08,25.0,Y
IDCJAC0001,066037,2024,09,44.8,Y
IDCJAC0001,066037,2024,10,38.8,Y
IDCJAC0001,066037,2024,11,134.0,Y
IDCJAC0001,066037,2024,12,38.8,N
IDCJAC0001,066037,2025,01,156.4,N
IDCJAC0001,066037,2025,02,53.8,N
IDCJAC0001,066037,2025,03,124.2,Y
IDCJAC0001,066037,2025,04,131.4,Y
IDCJAC0001,066037,2025,05,213.0,Y
IDCJAC0001,066037,2025,07,140.2,N
IDCJAC0001,066037,2025,08,341.8,N
IDCJAC0001,066037,2025,09,113.6,N
IDCJAC0001,066037,2025,10,17.8,N
IDCJAC0001,066037,2025,11,51.6,N
IDCJAC0001,066037,2025,12,21.4,N
